{
 "Morning lark": {
  "oracle": 0.8416666666666667,
  "adaptive (ours)": [
   0.8260000000000001,
   0.8280000000000001,
   0.8260000000000001,
   0.8216,
   0.8140000000000001,
   0.8012,
   0.8044,
   0.8076000000000001
  ],
  "static heuristic (no learning)": [
   0.8260000000000001,
   0.8248000000000001,
   0.8251999999999999,
   0.8260000000000001,
   0.8248000000000001,
   0.8251999999999999,
   0.8251999999999999,
   0.8264
  ]
 },
 "Night owl": {
  "oracle": 0.85,
  "adaptive (ours)": [
   0.298,
   0.3176,
   0.4108,
   0.462,
   0.5224,
   0.5379999999999999,
   0.5988,
   0.6327999999999999
  ],
  "static heuristic (no learning)": [
   0.298,
   0.30039999999999994,
   0.2996,
   0.298,
   0.30039999999999994,
   0.2996,
   0.2996,
   0.29719999999999996
  ]
 },
 "Weekend warrior": {
  "oracle": 0.85,
  "adaptive (ours)": [
   0.4,
   0.4792,
   0.5367999999999999,
   0.6196,
   0.6376,
   0.6504000000000001,
   0.6584,
   0.6604000000000001
  ],
  "static heuristic (no learning)": [
   0.4,
   0.4,
   0.4,
   0.4,
   0.4,
   0.4,
   0.4,
   0.4
  ]
 }
}